Annual Distance (miles/vehicle),2020.0
LDVs,9440.715413024
HDVs,23351.047798108
aircraft,1449805.396793326
rail,12458.3480246
ships,180084.358391308
motorbikes,0.0
