Annual Distance (miles/vehicle),2020.0
LDVs,9711.767328498
HDVs,23031.133117566
aircraft,1704508.309928527
rail,12740.670787229
ships,182981.744283662
motorbikes,0.0
