Annual Distance (miles/vehicle),2020.0
LDVs,10719.0023537
HDVs,11386.833405685
aircraft,1862956.714481392
rail,610941.186619718
ships,196.05614565
motorbikes,2112.814572489
