Annual Distance (miles/vehicle),2020.0
LDVs,10760.893639425
HDVs,11486.643356088
aircraft,1753710.490726334
rail,584241.381194409
ships,196.647830261
motorbikes,2121.566539875
