Annual Distance (miles/vehicle),2020.0
LDVs,9673.533197862
HDVs,22831.063329232
aircraft,1810689.188040834
rail,12630.156667599
ships,181804.28178014
motorbikes,0.0
