Annual Distance (miles/vehicle),2020.0
LDVs,10820.842209395
HDVs,6355.283416335
aircraft,1856670.766584616
rail,610941.186619718
ships,184.906490674
motorbikes,1839.533644335
