Number of Vehicles,battery electric vehicle,natural gas vehicle,gasoline vehicle,diesel vehicle,plugin hybrid vehicle,LPG vehicle,hydrogen vehicle,,
LDVs,23588.010515924994,0.0,10398119.213431202,52316.114548531186,21882.29984031924,4094.3616640213572,0.0,,
HDVs,18.0,0.0,6218.0,50467.0,0.0,417.0,0.0,,
aircraft,0.0,0.0,0.0,92.0,0.0,0.0,0.0,,
rail,302.62901765072047,0.0,0.0,99.71261775191786,0.0,0.0,0.0,,
ships,0.0,0.0,136985.94,38637.06,0.0,0.0,0.0,,
motorbikes,0.0,0.0,142151.0,0.0,0.0,0.0,0.0,,
,,,,,,,,,
,,,,,,,,,
