Unit: dimensionless (ratio of electricity demand in this hour to annual demand),Hour0,Hour1,Hour2,Hour3,Hour4,Hour5,Hour6,Hour7,Hour8,Hour9,Hour10,Hour11,Hour12,Hour13,Hour14,Hour15,Hour16,Hour17,Hour18,Hour19,Hour20,Hour21,Hour22,Hour23
Winter,0,0,0,0,0.0,0.0,0.011480099502487557,0.16348190863862508,0.3573064224332881,0.39778335594753506,0.3854095431931251,0.3762320217096337,0.37956874717322453,0.39062256897331543,0.3239070556309362,0.13883808231569428,0.014451153324287654,0.0,0.0,0,0,0,0,0
Spring,0,0,0,0,0.010624741903132558,0.12864521267181878,0.36583387410772233,0.545204707686862,0.6276370125656304,0.6632903663500673,0.6591962126128251,0.6513819243702437,0.6541640611173384,0.6531030617662674,0.625814701197569,0.5501200519143413,0.3564633354964309,0.10505279924488228,0.003569700902601616,0,0,0,0,0
Summer,0,0,0,0,0.03824464633354968,0.2563258804790278,0.5048893870568111,0.6279992330835941,0.6802433484750164,0.7131307887440268,0.7161757418441388,0.7125954220989912,0.7094832163294198,0.7049212435844491,0.6816187835525926,0.6339602383340218,0.49586396082826956,0.24404695888148184,0.032818712760309114,0,0,0,0,0
Fall,0,0,0,0,0.0,0.026274884890005998,0.22816558044353497,0.4242747514291432,0.4868425384256068,0.499462597593256,0.49828680739373155,0.49017594590386376,0.48740307404853533,0.4822670551860668,0.4565473674844852,0.3522294637097671,0.12397713370554085,0.005906977778766378,0.0,0,0,0,0,0
Summer Peak,0,0,0,0,0.015088195386702849,0.2001628222523745,0.4438534599728629,0.6115061058344641,0.7239077340569877,0.7728629579375847,0.7861601085481682,0.7974491180461329,0.7710719131614654,0.6488738127544097,0.7483853459972863,0.6780461329715061,0.5397829036635007,0.2583717774762551,0.027489823609226593,0,0,0,0,0
Winter Peak,0,0,0,0,0.0,0.0,0.0,0.007815468113975576,0.05191316146540027,0.06523744911804613,0.09150610583446404,0.13028493894165535,0.10903663500678426,0.08295793758480326,0.03497964721845319,0.0018453188602442334,0.0,0.0,0.0,0,0,0,0,0
