Unit: dimensionless (ratio of electricity demand in this hour to annual demand),Hour0,Hour1,Hour2,Hour3,Hour4,Hour5,Hour6,Hour7,Hour8,Hour9,Hour10,Hour11,Hour12,Hour13,Hour14,Hour15,Hour16,Hour17,Hour18,Hour19,Hour20,Hour21,Hour22,Hour23
Winter,0,0,0,0,0.0,0.0,0.030928431931698357,0.17075059193584627,0.28333419747325495,0.2901997891498592,0.27480384023781135,0.2711316776412436,0.27665828450942775,0.38143179343599315,0.28724831924785255,0.10188339295898788,0.007855463956723874,0.0,0.0,0,0,0,0,0
Spring,0,0,0,0,0.0028217925568247144,0.016676021920599814,0.2587184203822805,0.349634017957579,0.4007661163973932,0.4181651980045131,0.4124607473833467,0.4190680363660135,0.4168334832428241,0.45395806141104283,0.42132569583927904,0.3536088737401403,0.20602748866661708,0.12409462557568623,0.0005951294068318151,0,0,0,0,0
Summer,0,0,0,0,0.007631858359201177,0.029626849353360338,0.33074429498580943,0.39817482377181285,0.4202334981210591,0.43461015642435424,0.43807272751864856,0.43281236967455,0.42831677566101073,0.460047993579816,0.43983613652809617,0.3795212364264282,0.2703189352593885,0.1714327740469475,0.0147801740753515,0,0,0,0,0
Fall,0,0,0,0,0.0,0.0,0.1905063038298964,0.2825117062626912,0.31119066864880535,0.3257974665684097,0.31313370851172156,0.31755527166434183,0.319024026206389,0.36123116989529186,0.32415616736662006,0.21817379752096674,0.06495668959045717,0.015387073770066815,0.0,0,0,0,0,0
Summer Peak,0,0,0,0,0.0005703323482138228,0.01508788303002022,0.3366516306320319,0.449007103230155,0.46979830974231346,0.4398817856587338,0.500025924197646,0.49567065899310414,0.3735676880800539,0.483434437704153,0.4446518380256131,0.3752268367294032,0.2978171825581998,0.2092601233991808,0.008399440037330844,0,0,0,0,0
Winter Peak,0,0,0,0,0.0,0.0,0.00010369679058433142,0.001970239021102297,0.0069476849691502045,0.037382693005651474,0.06434385855757764,0.07263960180432415,0.0340125473116607,0.03370145693990771,0.010110437081972313,0.0,0.0,0.0,0.0,0,0,0,0,0
