solar pv,Hour0,Hour1,Hour2,Hour3,Hour4,Hour5,Hour6,Hour7,Hour8,Hour9,Hour10,Hour11,Hour12,Hour13,Hour14,Hour15,Hour16,Hour17,Hour18,Hour19,Hour20,Hour21,Hour22,Hour23
Winter,0,0,0,0,0.0,0.0,0.008503790462151335,0.11942300889875018,0.25786200201603965,0.2873291967673035,0.2788392201845453,0.2721110186102698,0.27388930288924646,0.2812617029366947,0.23420792356021458,0.10236926940184048,0.010765223596007392,0.0,0.0,0,0,0,0,0
Spring,0,0,0,0,0.007584999020550409,0.09183976618072492,0.26116865728033445,0.38922142405972815,0.4480698137399353,0.47352272883188296,0.47059991410658514,0.4650212968369455,0.4670074631545978,0.46625001613969147,0.44676886637877555,0.3927304863495242,0.2544790334911938,0.07499715161490915,0.002548408055155498,0,0,0,0,0
Summer,0,0,0,0,0.026573690467846474,0.1797057619905905,0.3564850689288209,0.44369396392014443,0.4801443845198108,0.5038399414043553,0.5060103992795151,0.5034095017744501,0.5011987388951447,0.49890536189132056,0.4811724961448865,0.4477794661911572,0.3493334915082155,0.17072375841487938,0.02264584534012016,0,0,0,0,0
Fall,0,0,0,0,0.0,0.018757629876826547,0.16288731716647858,0.30288957636566216,0.34755669462726063,0.35656614984966795,0.3557267536936882,0.34993641290072003,0.3479568607856162,0.3442902589616353,0.3259289841368943,0.2514564741059618,0.08850722646259486,0.004216989087814551,0.0,0,0,0,0,0
Summer Peak,0,0,0,0,0.010771456687928775,0.14289615922691126,0.3168668086110846,0.4365539658377465,0.516797443538108,0.5517465584032581,0.5612393889375838,0.569298608329991,0.5504679322496551,0.46323075695155563,0.5342720009706831,0.48405686475645393,0.3853508003230059,0.1844515092190106,0.019624974145452966,0,0,0,0,0
Winter Peak,0,0,0,0,0.0,0.0,0.0,0.00557945957935879,0.03706078533094919,0.046572988988814346,0.0653261725749925,0.09301036611285261,0.0778412103814709,0.05922363866006883,0.024971956242338476,0.0013173724006819367,0.0,0.0,0.0,0,0,0,0,0
