solar pv,Hour0,Hour1,Hour2,Hour3,Hour4,Hour5,Hour6,Hour7,Hour8,Hour9,Hour10,Hour11,Hour12,Hour13,Hour14,Hour15,Hour16,Hour17,Hour18,Hour19,Hour20,Hour21,Hour22,Hour23
Winter,0,0,0,0,0.0,0.0,0.007653767963531597,0.10748571518618594,0.23208661347273932,0.2586083242517362,0.2509669893588478,0.24491132584143505,0.24651185625255714,0.2531473254058297,0.21079695109243468,0.09213663460843616,0.009689152601548364,0.0,0.0,0,0,0,0,0
Spring,0,0,0,0,0.006826817142930929,0.08265964022759287,0.23506274185230666,0.350315600960239,0.40328161907233695,0.42619030984691586,0.4235596540461421,0.41853866460276273,0.4203262975647874,0.4196445634930737,0.40211071190106984,0.35347390414929514,0.2290417999590076,0.06750058093989034,0.0022936740994933397,0,0,0,0,0
Summer,0,0,0,0,0.023917435604846018,0.16174272050885563,0.32085150876994956,0.3993431707635497,0.4321500775993515,0.45347707230461437,0.4554305753953868,0.4530896585901931,0.4510998793057782,0.4490357438454452,0.43307542116866465,0.4030202941047218,0.31441478923950406,0.15365854069256318,0.02038221030289286,0,0,0,0,0
Fall,0,0,0,0,0.0,0.016882653360524823,0.1466054150020774,0.27261331830707874,0.3128155975489653,0.3209244849982791,0.32016899326362935,0.3149574437720937,0.3131757638696835,0.30987566849453096,0.293349751299289,0.2263213697821912,0.07966021475428837,0.0037954669892832733,0.0,0,0,0,0,0
Summer Peak,0,0,0,0,0.00969476264561918,0.12861253466562425,0.285193413366452,0.39291687312299034,0.4651393675081605,0.4965950362360328,0.5051389817330713,0.5123926170938223,0.4954442190874521,0.41692710363201474,0.4808672018720967,0.4356714738551094,0.3468318773093725,0.1660140919944968,0.01766329956836732,0,0,0,0,0
Winter Peak,0,0,0,0,0.0,0.0,0.0,0.005021747557443028,0.03335626068537678,0.04191764280587861,0.05879629431839546,0.08371322924751382,0.07006035307571559,0.053303757927442144,0.022475807644250223,0.0011856903955073817,0.0,0.0,0.0,0,0,0,0,0
