solar pv,Hour0,Hour1,Hour2,Hour3,Hour4,Hour5,Hour6,Hour7,Hour8,Hour9,Hour10,Hour11,Hour12,Hour13,Hour14,Hour15,Hour16,Hour17,Hour18,Hour19,Hour20,Hour21,Hour22,Hour23
Winter,0,0,0,0,0.0,0.0,0.011911745619727443,0.16728263819243705,0.36120205297622565,0.4024784378502744,0.3905860421214085,0.3811614654002714,0.3836524098873221,0.3939793522506048,0.32806843254085316,0.14339449000058996,0.015079464338387116,0.0,0.0,0,0,0,0,0
Spring,0,0,0,0,0.010624741903132558,0.12864521267181878,0.36583387410772233,0.545204707686862,0.6276370125656304,0.6632903663500673,0.6591962126128251,0.6513819243702437,0.6541640611173384,0.6531030617662674,0.625814701197569,0.5501200519143413,0.3564633354964309,0.10505279924488228,0.003569700902601616,0,0,0,0,0
Summer,0,0,0,0,0.03722328794896992,0.25172413793103454,0.4993490229105258,0.6215075094745709,0.6725656981549932,0.7057574197975639,0.7087977042686253,0.7051544783917403,0.7020577363963876,0.6988452720722403,0.6740058329044433,0.6272303061495035,0.4893313994291863,0.2391425318548324,0.03172133065082112,0,0,0,0,0
Fall,0,0,0,0,0.0,0.026274884890005998,0.22816558044353497,0.4242747514291432,0.4868425384256068,0.499462597593256,0.49828680739373155,0.49017594590386376,0.48740307404853533,0.4822670551860668,0.4565473674844852,0.3522294637097671,0.12397713370554085,0.005906977778766378,0.0,0,0,0,0,0
Summer Peak,0,0,0,0,0.015088195386702849,0.2001628222523745,0.4438534599728629,0.6115061058344641,0.7239077340569877,0.7728629579375847,0.7861601085481682,0.7974491180461329,0.7710719131614654,0.6488738127544097,0.7483853459972863,0.6780461329715061,0.5397829036635007,0.2583717774762551,0.027489823609226593,0,0,0,0,0
Winter Peak,0,0,0,0,0.0,0.0,0.0,0.007815468113975576,0.05191316146540027,0.06523744911804613,0.09150610583446404,0.13028493894165535,0.10903663500678426,0.08295793758480326,0.03497964721845319,0.0018453188602442334,0.0,0.0,0.0,0,0,0,0,0
