solar pv,Hour0,Hour1,Hour2,Hour3,Hour4,Hour5,Hour6,Hour7,Hour8,Hour9,Hour10,Hour11,Hour12,Hour13,Hour14,Hour15,Hour16,Hour17,Hour18,Hour19,Hour20,Hour21,Hour22,Hour23
Winter,0,0,0,0,0.0,0.0,0.009307290385001056,0.13070696266780293,0.2822266779388452,0.3144781473985017,0.3051859761286091,0.2978220451734288,0.29976835467448987,0.3078373526562014,0.2563375902481468,0.11204186192780356,0.011782400155960358,0.0,0.0,0,0,0,0,0
Spring,0,0,0,0,0.008301684850822576,0.10051745472081629,0.2858457700231178,0.42599789281156186,0.49040670602035097,0.5182645975053207,0.5150656140036715,0.5089598884326557,0.5111337221781571,0.5103047060646531,0.48898283569807455,0.42983851680806684,0.2785240619625699,0.08208342752971848,0.002789200168369095,0,0,0,0,0
Summer,0,0,0,0,0.029084565863445683,0.19668566836737114,0.39016836894147444,0.4856173941087725,0.5255119153445055,0.5514464006473068,0.5538219391559797,0.5509752899530146,0.548555638130494,0.546045566200585,0.5266371704275609,0.49008892432510825,0.3823410585131843,0.1868549798185011,0.024785589383043104,0,0,0,0,0
Fall,0,0,0,0,0.0,0.0205299870657713,0.17827809465082323,0.33150878474397216,0.3803963769503195,0.3902571109769662,0.38933840257198743,0.3830009483004909,0.3808343537154624,0.3768213047046885,0.356725123196773,0.27521590920063704,0.09687003243139887,0.004615440863149089,0.0,0,0,0,0,0
Summer Peak,0,0,0,0,0.011789222195704508,0.15639802682646844,0.3468066874693218,0.4778027571187148,0.5656282217493047,0.6038795829742165,0.6142693651251072,0.623090078134843,0.6024801429294027,0.5070001653264217,0.5847539023617607,0.5297940751472533,0.42176154441503305,0.20187982828291842,0.02147928432418825,0,0,0,0,0
Winter Peak,0,0,0,0,0.0,0.0,0.0,0.0061066474682785945,0.04056255766255886,0.050973543450492154,0.07149866410776187,0.10179866144168587,0.08519621363730345,0.06481951843933216,0.027331488147955236,0.0014418473188991126,0.0,0.0,0.0,0,0,0,0,0
