solar pv dist,Hour0,Hour1,Hour2,Hour3,Hour4,Hour5,Hour6,Hour7,Hour8,Hour9,Hour10,Hour11,Hour12,Hour13,Hour14,Hour15,Hour16,Hour17,Hour18,Hour19,Hour20,Hour21,Hour22,Hour23
Winter,0,0,0,0,0.0,0.0,0.031891722516405485,0.17438599101444766,0.28722568253903846,0.2945886055261373,0.2791296683280696,0.27504176050099066,0.2775458125657967,0.3824094174720076,0.28898717541213836,0.1043996744822486,0.00819700586788578,0.0,0.0,0,0,0,0,0
Spring,0,0,0,0,0.0028217925568247144,0.016676021920599814,0.2587184203822805,0.349634017957579,0.4007661163973932,0.4181651980045131,0.4124607473833467,0.4190680363660135,0.4168334832428241,0.45395806141104283,0.42132569583927904,0.3536088737401403,0.20602748866661708,0.12409462557568623,0.0005951294068318151,0,0,0,0,0
Summer,0,0,0,0,0.007426239698111232,0.029075030587573433,0.32598039653891114,0.3922444335979985,0.41484735415254964,0.42983988381191773,0.4331176559280893,0.4278291196082884,0.42470629671942683,0.4551341532531293,0.4346069563859643,0.3738013038381519,0.2655668847279062,0.16661630816779086,0.014154015956194666,0,0,0,0,0
Fall,0,0,0,0,0.0,0.0,0.1905063038298964,0.2825117062626912,0.31119066864880535,0.3257974665684097,0.31313370851172156,0.31755527166434183,0.319024026206389,0.36123116989529186,0.32415616736662006,0.21817379752096674,0.06495668959045717,0.015387073770066815,0.0,0,0,0,0,0
Summer Peak,0,0,0,0,0.0005703323482138228,0.01508788303002022,0.3366516306320319,0.449007103230155,0.46979830974231346,0.4398817856587338,0.500025924197646,0.49567065899310414,0.3735676880800539,0.483434437704153,0.4446518380256131,0.3752268367294032,0.2978171825581998,0.2092601233991808,0.008399440037330844,0,0,0,0,0
Winter Peak,0,0,0,0,0.0,0.0,0.00010369679058433142,0.001970239021102297,0.0069476849691502045,0.037382693005651474,0.06434385855757764,0.07263960180432415,0.0340125473116607,0.03370145693990771,0.010110437081972313,0.0,0.0,0.0,0.0,0,0,0,0,0
